{"cameraMode":{"drawMode":0,"name":"Shaded","section":"Shading Mode"},"sceneLighting":true,"audioPlay":false,"sceneViewState":{"showFog":true,"showMaterialUpdate":false,"showSkybox":true,"showFlares":true,"showImageEffects":true,"showParticleSystems":true},"in2DMode":false,"pivot":{"x":6.711636543273926,"y":-12.015193939208985,"z":-7.026360988616943},"rotation":{"x":0.20552104711532594,"y":0.7898674607276917,"z":-0.3577893078327179,"w":0.4537152051925659},"size":71.22784423828125,"orthographic":false}